studyID	organismPart
MTBLS1	urine
MTBLS2	rosette leaf
MTBLS3	whole organism
MTBLS4	blood plasma
MTBLS5	whole organism
MTBLS6	fetal serum
MTBLS6	mixture
MTBLS7	leaf
MTBLS8	whole organism
MTBLS9	renal epithelial cell
MTBLS10	leaf
MTBLS11	leaf
MTBLS12	leaf
MTBLS13	leaf
MTBLS14	whole plant
MTBLS14	whole plant
MTBLS14	whole plant
MTBLS14	whole plant
MTBLS14	whole plant
MTBLS14	whole plant
MTBLS14	whole plant
MTBLS15	whole plant
MTBLS15	whole plant
MTBLS15	whole plant
MTBLS15	whole plant
MTBLS15	whole plant
MTBLS15	whole plant
MTBLS15	whole plant
MTBLS16	whole plant
MTBLS16	whole plant
MTBLS16	whole plant
MTBLS16	whole plant
MTBLS16	whole plant
MTBLS16	whole plant
MTBLS17	blood serum
MTBLS18	rosette leaf
MTBLS19	blood serum
MTBLS20	mixture
MTBLS20	solvent
MTBLS20	urine
MTBLS21	caryopsis
MTBLS22	rosette leaf
MTBLS23	RAW-264.7 cell
MTBLS24	urine
MTBLS25	urine
MTBLS26	hepatocyte
MTBLS27	blood serum
MTBLS27	solvent
MTBLS27	mixture
MTBLS28	urine
MTBLS29	pure substance
MTBLS29	EFO:whole organism
MTBLS30	liver
MTBLS31	Bronchoalveolar Lavage Fluid
MTBLS32	Bronchoalveolar Lavage Fluid
MTBLS33	Bronchoalveolar Lavage Fluid
MTBLS34	Bronchoalveolar Lavage Fluid
MTBLS35	whole organism
MTBLS36	solvent
MTBLS36	fruit
MTBLS37	whole organism
MTBLS38	pure substance
MTBLS39	berry
MTBLS40	aerial part
MTBLS40	pure substance
MTBLS41	rosette leaf
MTBLS42	rosette leaf
MTBLS43	shoot system
MTBLS44	shoot system
MTBLS45	root
MTBLS45	pure substance
MTBLS46	blood plasma
MTBLS47	aerial part
MTBLS47	pure substance
MTBLS48	blood serum
MTBLS49	solvent
MTBLS49	whole organism
MTBLS50	BTO:blood plasma
MTBLS51	BTO:blood plasma
MTBLS52	leaf
MTBLS53	glucose
MTBLS53	monocyte
MTBLS54	shoot system
MTBLS55	Wine
MTBLS56	Fruit
MTBLS57	aerial part
MTBLS58	epididymis
MTBLS59	mixture
MTBLS59	mesocarp and exocarp
MTBLS60	blood serum
MTBLS61	blood plasma
MTBLS61	HEK-293 cell
MTBLS62	leaf
MTBLS63	leaf
MTBLS64	leaf
MTBLS65	leaf
MTBLS66	leaf
MTBLS67	whole organism
MTBLS68	leaf
MTBLS69	flower stalk
MTBLS70	Stalk
MTBLS71	urine
MTBLS72	water
MTBLS72	solvent
MTBLS72	blood plasma
MTBLS73	blank
MTBLS73	mixture
MTBLS73	fruit
MTBLS74	rosette leaf
MTBLS75	whole organism
MTBLS76	blood plasma
MTBLS76	blank
MTBLS76	blank
MTBLS77	blood plasma
MTBLS78	
MTBLS79	right ventricle
MTBLS79	blank
MTBLS79	right ventricle
MTBLS79	right ventricle
MTBLS80	
MTBLS81	hepatocyte
MTBLS82	
MTBLS83	blood plasma
MTBLS84	
MTBLS85	berry
MTBLS85	pure substance
MTBLS86	leaf
MTBLS86	pure substance
MTBLS87	blood
MTBLS87	whole organism
MTBLS88	blood
MTBLS89	blood plasma
MTBLS90	blood serum
MTBLS91	whole organism
MTBLS91	solvent
MTBLS92	blood serum
MTBLS93	blood serum
MTBLS94	rosette
MTBLS95	exometabolome
MTBLS96	feces
MTBLS97	blood serum
MTBLS98	blood
MTBLS98	blood
MTBLS98	mixture
MTBLS99	fruit
MTBLS100	saliva
MTBLS101	urine
MTBLS102	BTO:A-549 cell/EFO:whole organism
MTBLS103	blood serum
MTBLS104	SK-N-BE(2) cell
MTBLS105	blood plasma
MTBLS106	HEK-293 cell
MTBLS107	fruit
MTBLS108	fruit
MTBLS109	fruit
MTBLS110	fruit
MTBLS111	fruit
MTBLS112	spike
MTBLS113	wax ester
MTBLS113	whole organism
MTBLS114	blood serum
MTBLS115	endometabolome
MTBLS116	endometabolome
MTBLS116	endometabolome
MTBLS116	endometabolome
MTBLS116	endometabolome
MTBLS116	endometabolome
MTBLS117	hypocotyl
MTBLS117	BTO:hypocotyl/EFO:whole organism
MTBLS118	BTO:hypocotyl/EFO:whole organism
MTBLS118	hypocotyl
MTBLS119	twig
MTBLS120	seed
MTBLS121	
MTBLS122	
MTBLS123	blood serum
MTBLS124	blood plasma
MTBLS125	blood
MTBLS126	blood
MTBLS127	Hep-G2 cell
MTBLS127	C2C12 cell
MTBLS128	blank
MTBLS128	whole organism
MTBLS129	seedling
MTBLS130	
MTBLS131	pericarp
MTBLS132	pericarp
MTBLS133	mixture
MTBLS134	mixture
MTBLS135	
MTBLS136	blood serum
MTBLS137	leaf
MTBLS138	
MTBLS139	
MTBLS140	pure substance
MTBLS140	renal proximal tubule
MTBLS141	root
MTBLS142	pure substance
MTBLS143	liver
MTBLS144	exometabolome
MTBLS145	gastrocnemius
MTBLS146	blood plasma
MTBLS147	blood plasma
MTBLS148	urine
MTBLS149	urine
MTBLS150	ovarian serous adenocarcinoma cell line
MTBLS151	leaf
MTBLS152	ovarian serous adenocarcinoma cell line
MTBLS153	Wheat ears
MTBLS154	endometabolome
MTBLS155	endometabolome
MTBLS156	A2780 cell
MTBLS157	endometabolome
MTBLS158	
MTBLS159	
MTBLS160	hydroponic plant culture media
MTBLS160	exometabolome
MTBLS161	blood serum
MTBLS162	blood plasma
MTBLS162	blank
MTBLS163	blood plasma
MTBLS163	mixture
MTBLS164	urine
MTBLS165	milk
MTBLS166	urine
MTBLS167	berry
MTBLS168	whole organism
MTBLS169	rosette leaf
MTBLS170	leaf
MTBLS171	urine
MTBLS172	blood plasma
MTBLS173	heart ventricle
MTBLS174	blood serum
MTBLS175	stem
MTBLS176	Colorectal adenocarcinoma
MTBLS176	Bacillus subtilis and Streptomyces coelicolor
MTBLS176	Mouse Kidney
MTBLS177	MCF-7 cell
MTBLS178	blood serum
MTBLS179	
MTBLS180	
MTBLS181	
MTBLS182	MCF-7 cell
MTBLS182	Artificial glucose mixture 
MTBLS183	MCF-7 cell
MTBLS184	Comercial ribose
MTBLS184	A-549 cell
MTBLS185	urine
MTBLS186	
MTBLS187	microbial mat
MTBLS188	blank
MTBLS188	rosette leaf
MTBLS188	mixture
MTBLS189	primary root
MTBLS189	blood serum
MTBLS190	serum
MTBLS191	blood plasma
MTBLS192	blood serum
MTBLS193	whole organism
MTBLS193	mixture
MTBLS193	whole organism
MTBLS193	blank
MTBLS194	urine
MTBLS195	rosette leaf
MTBLS196	lung
MTBLS197	brain
MTBLS198	urine
MTBLS199	reference compound
MTBLS199	blood plasma
MTBLS200	blood serum
MTBLS201	
MTBLS202	HaCaT cell
MTBLS203	rosette leaf
MTBLS204	
MTBLS205	
MTBLS206	
MTBLS207	
MTBLS208	whole organism
MTBLS209	berry
MTBLS210	whole organism
MTBLS210	blank
MTBLS211	
MTBLS212	Wine
MTBLS213	ARPE-19 cell
MTBLS214	IOBA-NHC cell
MTBLS215	pure substance
MTBLS216	blood serum
MTBLS217	brain
MTBLS218	blood serum
MTBLS218	solvent
MTBLS219	mixture
MTBLS219	liver
MTBLS219	water
MTBLS220	
MTBLS221	
MTBLS222	blood serum
MTBLS223	PBS
MTBLS223	blood plasma
MTBLS223	Blank
MTBLS223	calibrant
MTBLS224	whole plant
MTBLS225	liver
MTBLS226	JURKAT cell
MTBLS227	C-10 cell
MTBLS228	whole organism
MTBLS229	EFO:whole organism
MTBLS230	mixture
MTBLS230	HCT-116 cell
MTBLS230	mixture
MTBLS230	mixture
MTBLS230	mixture
MTBLS231	calibrant
MTBLS231	blank
MTBLS231	blood plasma
MTBLS232	serum
MTBLS233	renal tubule
MTBLS233	blank
MTBLS234	blood plasma
MTBLS235	simulated data
MTBLS236	HCT-116 cell
MTBLS237	feces
MTBLS238	blood plasma
MTBLS239	blood serum
MTBLS240	blood serum
MTBLS241	mixture
MTBLS241	MCF-7 cell
MTBLS242	blood serum
MTBLS243	blood plasma
MTBLS244	glucose
MTBLS244	peritoneal macrophage
MTBLS245	urine
MTBLS246	urine
MTBLS247	U2-OS cell
MTBLS248	urine
MTBLS249	blood plasma
MTBLS250	urine
MTBLS251	plasma
MTBLS252	skeletal muscle
MTBLS253	blood serum
MTBLS254	
MTBLS254	
MTBLS255	
MTBLS256	left ventricle
MTBLS257	heart
MTBLS258	plasma
MTBLS258	plasma
MTBLS258	not applicable
MTBLS259	whole organism
MTBLS259	whole organism
MTBLS259	whole organism
MTBLS260	whole organism
MTBLS261	adipose tissue
MTBLS262	liver
MTBLS262	not applicable
MTBLS263	blood
MTBLS264	blood
MTBLS265	blood
MTBLS266	blood plasma
MTBLS267	erythrocyte
MTBLS268	blood
MTBLS269	blood
MTBLS270	rosette leaf
MTBLS271	brain
MTBLS272	callus
MTBLS273	breast cancer cell
MTBLS274	leaf
MTBLS275	blood serum
MTBLS276	water
MTBLS276	testis
MTBLS276	whole organism
MTBLS276	CHEBI:2'-deoxyadenosine
MTBLS277	lung
MTBLS278	liver
MTBLS279	blood serum
MTBLS280	blood serum
MTBLS281	exometabolome
MTBLS281	exometabolome
MTBLS281	exometabolome
MTBLS281	exometabolome
MTBLS281	exometabolome
MTBLS282	liver cancer cell
MTBLS283	pre-B-lymphocyte
MTBLS284	
MTBLS285	semen
MTBLS286	seed
MTBLS286	blank
MTBLS287	seed
MTBLS287	blank
MTBLS288	blank
MTBLS288	seed
MTBLS289	colorectal adenocarcinoma cell
MTBLS290	urine
MTBLS290	blank
MTBLS291	whole organism
MTBLS291	brain
MTBLS291	egg
MTBLS291	mixture
MTBLS292	U2-OS cell
MTBLS292	liver
MTBLS293	endometabolome
MTBLS294	
MTBLS295	endometabolome
MTBLS296	whole organism
MTBLS297	leaf
MTBLS297	leaf
MTBLS298	blood serum
MTBLS299	
MTBLS300	
MTBLS301	
MTBLS302	
MTBLS303	liver
MTBLS304	whole organism
MTBLS305	
MTBLS306	urine
MTBLS306	mixture
MTBLS307	mixture
MTBLS307	urine
MTBLS307	blank
MTBLS308	liver
MTBLS309	leaf lamina
MTBLS310	
MTBLS311	cell suspension culture
MTBLS312	leaf lamina
MTBLS313	brain
MTBLS313	brain
MTBLS314	
MTBLS315	blood plasma
MTBLS316	whole organism
MTBLS317	simulated squares
MTBLS318	
MTBLS319	whole organism
MTBLS320	whole organism
MTBLS321	blood plasma
MTBLS322	muscle
MTBLS323	blood serum
MTBLS323	Blank
MTBLS324	plasma
MTBLS324	not applicable
MTBLS324	plasma
MTBLS325	erythrocyte
MTBLS326	blood serum
MTBLS327	blood plasma
MTBLS328	whole organism
MTBLS328	CACO-2 cell
MTBLS329	
MTBLS330	whole plant
MTBLS330	whole plant
MTBLS330	bud
MTBLS330	flower bud
MTBLS330	whole plant
MTBLS330	whole plant
MTBLS331	stigma
MTBLS332	leaf
MTBLS333	fruit
MTBLS334	blood plasma
MTBLS335	anther
MTBLS336	foot
MTBLS336	whole body
MTBLS336	whole body
MTBLS336	blank
MTBLS336	whole body
MTBLS336	digestive gland
MTBLS336	whole body
MTBLS337	HCC-1937 cell
MTBLS338	root
MTBLS339	blood
MTBLS339	midgut
MTBLS340	blood plasma
MTBLS341	root
MTBLS342	endometabolome
MTBLS342	endometabolome
MTBLS342	endometabolome
MTBLS342	endometabolome
MTBLS342	endometabolome
MTBLS342	endometabolome
MTBLS342	endometabolome
MTBLS342	endometabolome
MTBLS343	leaf midvein
MTBLS344	minced meat
MTBLS344	minced meat
MTBLS344	minced meat
MTBLS345	mixture
MTBLS345	feces
MTBLS346	berry
MTBLS347	whole
MTBLS348	
MTBLS349	blood serum
MTBLS350	fruit
MTBLS351	blood serum
MTBLS352	blood plasma
MTBLS353	
MTBLS353	blood serum
MTBLS354	blood plasma
MTBLS355	rosette leaf
MTBLS356	blood serum
MTBLS357	
MTBLS358	blood serum
MTBLS359	endometabolome
MTBLS360	solvent
MTBLS360	bloodstream form
MTBLS361	kidney
MTBLS362	spermatophore/nuptial gift
MTBLS362	blank
MTBLS363	leaf
MTBLS363	rosette leaf
MTBLS364	blood serum
MTBLS365	
MTBLS366	exometabolome
MTBLS367	kidney
MTBLS368	blood plasma
MTBLS368	mixture
MTBLS368	blank
MTBLS368	heart
MTBLS369	feces
MTBLS370	culture supernatant
MTBLS370	culture supernatant
MTBLS370	Chemical
MTBLS370	intracellular part
MTBLS370	media
MTBLS370	Chemical
MTBLS370	fetal serum
MTBLS371	fruit
MTBLS372	leaf
MTBLS373	whole organism
MTBLS374	blood serum
MTBLS375	leaf
MTBLS376	feces
MTBLS377	Suf_FE1.1 
MTBLS378	brain
MTBLS379	brain
MTBLS380	brown adipose tissue
MTBLS381	mixture
MTBLS382	brown adipose tissue
MTBLS383	whole organism
MTBLS383	whole organism
MTBLS383	whole organism
MTBLS383	whole organism
MTBLS383	whole organism
MTBLS383	whole organism
MTBLS383	whole organism
MTBLS383	whole organism
MTBLS384	blood serum
MTBLS385	esophagus
MTBLS386	Aqueous Humor
MTBLS387	MDA-MB-231 cell
MTBLS388	
MTBLS389	root
MTBLS390	white adipose tissue
MTBLS391	mixture
MTBLS392	berry
MTBLS393	whole organism
MTBLS394	mixture
MTBLS395	blood serum
MTBLS396	liver
MTBLS397	liver
MTBLS397	mixture
MTBLS398	mixture
MTBLS399	root
MTBLS400	liver
MTBLS401	MCF-10A cell
MTBLS402	urine
MTBLS403	leaf
MTBLS404	urine
MTBLS405	HeLa-SHMT2-shSHMT2 cell
MTBLS408	blood plasma
MTBLS409	whole organism
MTBLS409	Blank
MTBLS409	whole organism
MTBLS410	whole organism
MTBLS410	Blank
MTBLS411	liver
MTBLS412	HUVEC cell
MTBLS412	glycogen
MTBLS413	solvent
MTBLS413	cerebrospinal fluid
MTBLS413	pure substance
MTBLS414	blood plasma
MTBLS415	colorectal adenocarcinoma
MTBLS416	
MTBLS417	blood serum
MTBLS418	blood serum
MTBLS419	hepatoma cell
MTBLS420	seminal plasma
MTBLS421	BTO:saliva
MTBLS422	feces
MTBLS423	blood serum
MTBLS424	blood serum
MTBLS425	pluripotent stem cell-derived cardiomyocyte
MTBLS426	left ventricle
MTBLS427	urine
MTBLS428	exometabolome
MTBLS428	water
MTBLS429	rosette leaf
MTBLS430	MCF-7 cell
MTBLS431	whole organism
MTBLS432	urine
MTBLS433	Olive Oil
MTBLS434	whole organism
MTBLS434	mixture
MTBLS434	ethanol
MTBLS435	leaf
MTBLS436	liver
MTBLS436	mixture
MTBLS437	seed
MTBLS438	Spleen
MTBLS439	Macleaya cordata
MTBLS439	Macleaya cordata
MTBLS439	Macleaya cordata
MTBLS440	
MTBLS441	Exudate
MTBLS442	
MTBLS443	
MTBLS443	Leishmania infantum
MTBLS443	Leishmania mexicana
MTBLS444	Aqueous Humor
MTBLS445	rosette leaf
MTBLS446	
MTBLS447	callus
MTBLS448	Grain
MTBLS449	blood plasma
MTBLS450	leaf
MTBLS451	Sake
MTBLS452	bloodstream form
MTBLS452	solvent
MTBLS453	blood serum
MTBLS454	whole organism
MTBLS455	SH-SY5Y cell
MTBLS456	blood plasma
MTBLS457	liver
MTBLS458	blood serum
MTBLS459	bloodstream form
MTBLS460	juvenile leaf
MTBLS461	endometabolome
MTBLS462	liver
MTBLS462	mixture
MTBLS463	whole organism
MTBLS464	mixture
MTBLS464	blank
MTBLS464	EFO:whole organism
MTBLS465	blood serum
MTBLS466	
MTBLS467	
MTBLS468	
MTBLS469	urine
MTBLS470	blood serum
MTBLS471	thorax
MTBLS472	kidney
MTBLS473	urine
MTBLS474	
MTBLS475	blood plasma
MTBLS476	blood serum
MTBLS477	
MTBLS478	xylem
MTBLS479	mixture
MTBLS479	feces
MTBLS479	solvent
MTBLS480	liver
MTBLS481	root
MTBLS482	cerebral cortex
MTBLS483	cardiomyocyte cell line
MTBLS484	whole plant
MTBLS484	solvent
MTBLS484	whole plant
MTBLS484	whole plant
MTBLS485	
MTBLS486	
MTBLS487	brain
MTBLS488	urine
MTBLS489	
MTBLS490	
MTBLS491	blank
MTBLS492	exometabolome
MTBLS493	CHO-K1 cell
MTBLS494	root
MTBLS495	brain
MTBLS496	whole organism
MTBLS497	headspace
MTBLS497	headspace
MTBLS497	headspace
MTBLS497	headspace
MTBLS497	headspace
MTBLS497	headspace
MTBLS497	headspace
MTBLS498	
MTBLS499	
MTBLS501	
MTBLS503	
MTBLS505	
MTBLS506	
MTBLS507	
MTBLS508	
MTBLS509	
MTBLS510	
MTBLS511	
MTBLS512	
MTBLS513	
MTBLS514	
MTBLS515	
MTBLS516	brain
MTBLS517	blood plasma
MTBLS517	blood plasma
MTBLS518	blood plasma
MTBLS518	blood plasma
MTBLS519	leaf
MTBLS520	blank value
MTBLS520	shoot system
MTBLS520	shoot system
MTBLS520	shoot system
MTBLS520	shoot system
MTBLS520	shoot system
MTBLS520	shoot system
MTBLS520	shoot system
MTBLS520	shoot system
MTBLS520	shoot system
MTBLS521	leaf
MTBLS522	liver
MTBLS523	larva
MTBLS524	saliva
MTBLS525	whole organism
MTBLS526	whole plant
MTBLS527	intestinal content
MTBLS528	flower
MTBLS529	leaf
MTBLS530	brain
MTBLS531	leaf
MTBLS532	whole organism
MTBLS533	epithelial cell
MTBLS534	
MTBLS535	whole organism
MTBLS535	whole organism
MTBLS536	blood plasma
MTBLS536	blood plasma
MTBLS537	blood plasma
MTBLS538	endometabolome
MTBLS538	endometabolome
MTBLS539	heart
MTBLS540	blood plasma
MTBLS541	SK-N-AS cell
MTBLS542	blood plasma
MTBLS542	blood plasma
MTBLS543	synovia
MTBLS544	shoot system
MTBLS544	shoot system
MTBLS544	shoot system
MTBLS544	shoot system
MTBLS545	cecal content
MTBLS546	cecal content
MTBLS547	cecal content
MTBLS548	cecal content
MTBLS549	blood
MTBLS550	leaf
MTBLS551	
MTBLS552	blood serum
MTBLS553	rosette leaf
MTBLS553	rosette leaf
MTBLS553	rosette leaf
MTBLS553	Recombinant Protein
MTBLS553	rosette leaf
MTBLS553	rosette leaf
MTBLS553	pure substance
MTBLS554	urine
MTBLS555	root
MTBLS556	
MTBLS557	odor
MTBLS558	blank
MTBLS558	cerebrospinal fluid
MTBLS559	cell suspension culture
MTBLS560	blood serum
MTBLS561	urine
MTBLS562	brain
MTBLS563	blood serum
MTBLS564	synovia
MTBLS565	
MTBLS566	root
MTBLS567	exometabolome
MTBLS568	
MTBLS569	
MTBLS570	standard
MTBLS570	solvent
MTBLS570	bone marrow-derived macrophage
MTBLS571	whole organism
MTBLS572	whole organism
MTBLS573	leaf
MTBLS574	leaf
MTBLS574	leaf
MTBLS574	leaf
MTBLS574	leaf
MTBLS574	leaf
MTBLS574	leaf
MTBLS574	leaf
MTBLS574	leaf
MTBLS574	leaf
MTBLS574	leaf
MTBLS574	leaf
MTBLS574	leaf
MTBLS574	leaf
MTBLS574	leaf
MTBLS575	stem internode
MTBLS576	endometabolome
MTBLS577	whole organism
MTBLS578	whole organism
MTBLS579	blood plasma
MTBLS580	urine
MTBLS581	leaf and stem
MTBLS582	Hep-G2 cell
MTBLS583	root
MTBLS585	Brain
MTBLS586	liver
MTBLS587	liver
MTBLS588	brain
MTBLS589	liver
MTBLS591	Bronchoalveolar Lavage Fluid
MTBLS592	
MTBLS593	blood serum
MTBLS594	BY4741
MTBLS594	HCC-1954 cell
MTBLS594	adipose tissue
MTBLS594	A549
MTBLS595	early whole plant fruit ripening stage
MTBLS596	urine
MTBLS597	intestine
MTBLS597	pure substance
MTBLS597	brain
MTBLS598	serum
MTBLS599	head
MTBLS600	head
MTBLS601	liver
MTBLS602	urine
MTBLS606	liver
MTBLS607	head
MTBLS608	Endometabolome
MTBLS608	Endometabolome
MTBLS609	
MTBLS610	
MTBLS611	Exometabolome 
MTBLS612	head
MTBLS613	D
MTBLS614	blank
MTBLS614	liver
MTBLS615	head
MTBLS616	blood plasma
MTBLS617	headspace
MTBLS617	headspace
MTBLS617	headspace
MTBLS617	headspace
MTBLS618	leaf
MTBLS619	skeletal muscle
MTBLS620	blood plasma
MTBLS621	
MTBLS622	whole organism
MTBLS622	shoot system
MTBLS623	milk
MTBLS624	Spent Medium
MTBLS624	Intracellular extract
MTBLS624	N/A
MTBLS625	monocyte
MTBLS626	Cancer-Associated Fibroblasts
MTBLS626	NIH-3T3 cell
MTBLS627	plasma
MTBLS628	xylem
MTBLS629	peritoneal macrophage
MTBLS630	whole organism
MTBLS631	peritoneal macrophage
MTBLS633	peritoneal macrophage
MTBLS634	peritoneal macrophage
MTBLS636	embryo
MTBLS636	brain
MTBLS636	mycelium
MTBLS636	cell culture
MTBLS636	RAW-264.7 cell
MTBLS636	cell culture
MTBLS636	skin fibroblast cell line
MTBLS636	cell culture
MTBLS636	leaf
MTBLS636	cell culture
MTBLS636	leaf
MTBLS636	CHO-K1 cell
MTBLS636	cell culture
MTBLS636	Drosophila melanogaster
MTBLS636	cell culture
MTBLS638	Tissue
MTBLS638	Tissue
MTBLS639	Vero cells (kidney epithelial)
MTBLS640	
MTBLS641	mixture
MTBLS642	metabolite
MTBLS643	blood serum
MTBLS644	stationary phase culture
MTBLS645	
MTBLS646	urine
MTBLS647	
MTBLS648	whole organism
MTBLS650	C57BL/6
MTBLS651	HL-60 cell
MTBLS652	lung fibroblast cell line
MTBLS653	feces
MTBLS654	Kimchi soup
MTBLS655	Food
MTBLS655	blood
MTBLS656	blood plasma
MTBLS657	
MTBLS658	neutrophil
MTBLS659	
MTBLS660	
MTBLS661	intracellular
MTBLS661	intracellular
MTBLS662	seed
MTBLS663	cell culture
MTBLS663	cell culture
MTBLS663	cell culture
MTBLS663	cell culture
MTBLS663	cell culture
MTBLS663	cell culture
MTBLS663	cell culture
MTBLS663	cell culture
MTBLS663	cell culture
MTBLS663	cell culture
MTBLS663	cell culture
MTBLS663	cell culture
MTBLS663	cell culture
MTBLS663	cell culture
MTBLS664	solvent
MTBLS664	blood plasma
MTBLS664	blood plasma
MTBLS664	blood plasma
MTBLS664	mixture
MTBLS664	blood plasma
MTBLS665	blood plasma
MTBLS665	blood plasma
MTBLS666	BTO:amniotic fluid
MTBLS667	urine
MTBLS668	blood serum
MTBLS669	culture medium
MTBLS670	blood plasma
MTBLS671	Exudate
MTBLS671	Exudate
MTBLS671	Exudate
MTBLS671	Exudate
MTBLS671	Exudate
MTBLS671	Exudate
MTBLS671	Exudate
MTBLS671	Exudate
MTBLS671	Exudate
MTBLS671	Exudate
MTBLS671	Exudate
MTBLS671	Exudate
MTBLS672	whole organism
MTBLS673	skeletal muscle organ
MTBLS674	rosette leaf
MTBLS675	Urine
MTBLS676	serum
MTBLS678	Cell
MTBLS678	CELL MEDIA
MTBLS679	vegetative shoot system
MTBLS679	blank
MTBLS679	standard
MTBLS679	vegetative shoot system
MTBLS679	vegetative shoot system
MTBLS679	vegetative shoot system
MTBLS679	vegetative shoot system
MTBLS679	vegetative shoot system
MTBLS679	vegetative shoot system
MTBLS679	vegetative shoot system
MTBLS679	vegetative shoot system
MTBLS679	vegetative shoot system
MTBLS679	vegetative shoot system
MTBLS679	vegetative shoot system
MTBLS679	vegetative shoot system
MTBLS679	vegetative shoot system
MTBLS680	blood plasma
MTBLS681	blood serum
MTBLS682	Cells
MTBLS683	urinary metabolite measurement
MTBLS684	Sample 1
MTBLS685	blood plasma
MTBLS685	blood plasma
MTBLS686	urine 
MTBLS687	n/a
MTBLS687	Exudate
MTBLS687	Exudate
MTBLS687	Exudate
MTBLS687	Exudate
MTBLS687	Exudate
MTBLS687	Exudate
MTBLS687	Exudate
MTBLS687	Exudate
MTBLS687	Exudate
MTBLS687	Exudate
MTBLS687	Exudate
MTBLS687	Exudate
MTBLS688	root
MTBLS688	BTO:bud
MTBLS688	BTO:leaf
MTBLS688	root
MTBLS688	BTO:seed
MTBLS688	root
MTBLS688	BTO:flower
MTBLS688	BTO:bark
MTBLS688	root
MTBLS688	BTO:flower
MTBLS688	root
MTBLS688	BTO:leaf
MTBLS688	root
MTBLS688	BTO:fruit
MTBLS688	BTO:leaf
MTBLS688	BTO:leaf
MTBLS688	BTO:leaf
MTBLS688	BTO:leaf
MTBLS688	BTO:bud
MTBLS688	root
MTBLS688	BTO:flower
MTBLS688	BTO:leaf
MTBLS688	BTO:leaf
MTBLS688	BTO:flower
MTBLS688	BTO:leaf
MTBLS688	BTO:leaf
MTBLS688	BTO:flower
MTBLS688	BTO:seed
MTBLS688	BTO:leaf
MTBLS688	root
MTBLS688	root
MTBLS688	BTO:fruit
MTBLS688	root
MTBLS688	root
MTBLS688	root
MTBLS688	BTO:fruit
MTBLS688	BTO:leaf
MTBLS688	root
MTBLS688	BTO:seed
MTBLS688	BTO:seed
MTBLS688	root
MTBLS688	root
MTBLS688	root
MTBLS688	root
MTBLS688	BTO:leaf
MTBLS688	BTO:leaf
MTBLS688	BTO:leaf
MTBLS688	BTO:leaf
MTBLS688	BTO:flower
MTBLS688	BTO:leaf
MTBLS688	root
MTBLS688	root
MTBLS688	BTO:seed
MTBLS688	BTO:leaf
MTBLS688	BTO:flower
MTBLS688	BTO:leaf
MTBLS688	BTO:fruit
MTBLS688	root
MTBLS688	BTO:fruit
MTBLS688	BTO:leaf
MTBLS688	root
MTBLS688	BTO:leaf
MTBLS688	BTO:leaf
MTBLS688	BTO:fruit
MTBLS688	root
MTBLS688	BTO:flower
MTBLS688	BTO:fruit
MTBLS688	root
MTBLS688	root
MTBLS688	BTO:fruit
MTBLS688	BTO:leaf
MTBLS688	root
MTBLS688	BTO:leaf
MTBLS688	BTO:leaf
MTBLS689	urine 
MTBLS690	subcutaneous adipose tissue
MTBLS691	phosphate buffered saline
MTBLS691	blood plasma
MTBLS691	blood plasma
MTBLS691	solvent
MTBLS692	root
MTBLS693	pericarp
MTBLS694	Blank
MTBLS694	urine
MTBLS695	macrophage
MTBLS696	RAW-264.7 cell
MTBLS697	phosphate buffered saline
MTBLS697	solvent
MTBLS697	blood plasma
MTBLS697	blood plasma
MTBLS698	hemolymph
MTBLS698	Prothorax plus head
MTBLS698	whole body
MTBLS699	mixture
MTBLS699	fruit
MTBLS700	blood serum
MTBLS701	seed
MTBLS703	whole organism
MTBLS704	blood plasma
MTBLS705	culture supernatant
MTBLS705	culture supernatant
MTBLS705	culture supernatant
MTBLS705	culture supernatant
MTBLS705	culture supernatant
MTBLS705	culture supernatant
MTBLS705	culture supernatant
MTBLS705	culture supernatant
MTBLS705	culture supernatant
MTBLS705	culture supernatant
MTBLS705	culture supernatant
MTBLS705	culture supernatant
MTBLS705	culture supernatant
MTBLS705	culture supernatant
MTBLS705	culture supernatant
MTBLS705	culture supernatant
MTBLS705	culture supernatant
MTBLS705	culture supernatant
MTBLS705	culture supernatant
MTBLS705	culture supernatant
MTBLS705	culture supernatant
MTBLS705	culture supernatant
MTBLS705	culture supernatant
MTBLS705	culture supernatant
MTBLS705	culture supernatant
MTBLS705	culture supernatant
MTBLS705	culture supernatant
MTBLS705	culture supernatant
MTBLS705	culture supernatant
MTBLS705	culture supernatant
MTBLS706	bloodstream form
MTBLS707	whole alga
MTBLS707	whole alga
MTBLS707	whole alga
MTBLS707	whole alga
MTBLS708	whole organism
MTBLS709	blank value
MTBLS709	above-ground gametophyte without roots
MTBLS709	above-ground gametophyte without roots
MTBLS709	above-ground gametophyte without roots
MTBLS709	above-ground gametophyte without roots
MTBLS709	above-ground gametophyte without roots
MTBLS709	above-ground gametophyte without roots
MTBLS709	above-ground gametophyte without roots
MTBLS709	above-ground gametophyte without roots
MTBLS709	above-ground gametophyte without roots
MTBLS710	blood plasma
MTBLS711	
MTBLS712	
MTBLS713	
MTBLS714	
MTBLS715	
MTBLS716	
MTBLS717	
MTBLS718	
MTBLS719	
MTBLS720	skeletal muscle
MTBLS721	whole cell
MTBLS723	urine
MTBLS724	larva
MTBLS726	rosette leaf
MTBLS727	blood plasma
MTBLS728	blood plasma
MTBLS729	blood plasma
MTBLS731	
MTBLS731	colon
MTBLS732	berry
MTBLS733	metabolomics benchmark datasets
MTBLS734	urine
MTBLS735	intracellular
MTBLS736	Standards mixture
MTBLS737	solvent
MTBLS737	kidney cell line
MTBLS737	mixture
MTBLS737	Culture Media
MTBLS738	vascular leaf
MTBLS739	umbilical vein endothelial cell line
MTBLS740	eye
MTBLS741	
MTBLS742	Seedlings without root
MTBLS743	blood plasma
MTBLS744	gill filament
MTBLS745	Breast Carcinoma Cells
MTBLS745	Breast Carcinoma Cells
MTBLS746	array control empty
MTBLS746	molecular quality
MTBLS746	gill filament
MTBLS746	N/A
MTBLS748	Kidney
MTBLS748	Kidney
MTBLS749	cerebrospinal fluid
MTBLS750	gastrocnemius
MTBLS751	MS:standard
MTBLS751	whole organism
MTBLS752	leaf
MTBLS752	acetonitrile
MTBLS753	Cecum
MTBLS754	acetonitrile
MTBLS754	leaf
MTBLS755	venom
MTBLS755	venom
MTBLS755	venom
MTBLS755	venom
MTBLS755	venom
MTBLS755	venom
MTBLS755	venom
MTBLS755	venom
MTBLS755	venom
MTBLS755	venom
MTBLS755	venom
MTBLS755	venom
MTBLS755	venom
MTBLS755	venom
MTBLS755	venom
MTBLS756	leaf
MTBLS757	CHO-K1 cell
MTBLS758	cell culture
MTBLS759	root
MTBLS760	SALIVA
MTBLS761	skin fibroblast
MTBLS762	Lung adenocarcinoma 
MTBLS763	feces
MTBLS764	culture supernatant
MTBLS764	culture supernatant
MTBLS764	culture supernatant
MTBLS764	culture supernatant
MTBLS764	culture supernatant
MTBLS764	culture supernatant
MTBLS764	culture supernatant
MTBLS764	culture supernatant
MTBLS764	culture supernatant
MTBLS764	culture supernatant
MTBLS764	culture supernatant
MTBLS764	culture supernatant
MTBLS764	culture supernatant
MTBLS764	culture supernatant
MTBLS764	culture supernatant
MTBLS764	culture supernatant
MTBLS764	culture supernatant
MTBLS764	culture supernatant
MTBLS764	culture supernatant
MTBLS764	culture supernatant
MTBLS764	culture supernatant
MTBLS764	culture supernatant
MTBLS764	culture supernatant
MTBLS764	culture supernatant
MTBLS764	culture supernatant
MTBLS764	culture supernatant
MTBLS764	culture supernatant
MTBLS764	culture supernatant
MTBLS764	culture supernatant
MTBLS764	culture supernatant
MTBLS765	Leaf Blade (epidermal cell)
MTBLS765	Leaf Blade (epidermal cell)
MTBLS765	nodule (infected cell)
MTBLS767	population
MTBLS768	coral
MTBLS770	Cerebral cortex
MTBLS771	N/A
MTBLS771	leaf
MTBLS772	leaf
MTBLS772	N/A
MTBLS773	solvent
MTBLS773	berry
MTBLS775	Cell
MTBLS775	filtrate
MTBLS777	whole Organism
MTBLS777	whole Organism
MTBLS777	whole Organism
MTBLS777	whole Organism
MTBLS777	whole Organism
MTBLS777	whole Organism
MTBLS777	whole Organism
MTBLS777	whole Organism
MTBLS777	whole Organism
MTBLS777	whole Organism
MTBLS777	whole Organism
MTBLS777	whole Organism
MTBLS777	whole Organism
MTBLS777	whole Organism
MTBLS777	whole Organism
MTBLS777	whole Organism
MTBLS777	whole Organism
MTBLS777	whole Organism
MTBLS777	whole Organism
MTBLS777	whole Organism
MTBLS777	whole Organism
MTBLS777	whole Organism
MTBLS779	rhizome
MTBLS780	intracellular
MTBLS781	Urine
MTBLS783	leaves
MTBLS784	grape
MTBLS785	blood plasma
MTBLS786	seed
MTBLS788	whole organism
MTBLS789	human T-cell line
MTBLS789	human T-cell line
MTBLS791	LP.04 four leaves visible stage
MTBLS792	Homo sapiens cell line
